buffers,placement,bytes,mb_per_s
H-H,same node,4096,8235.87
H-H,same node,8192,15443.43
H-H,same node,16384,19286.78
H-H,same node,32768,21005.43
H-H,same node,65536,23552.57
H-H,same node,131072,24629.34
H-H,same node,262144,25141.26
H-H,same node,524288,25415.77
H-H,same node,1048576,18621.73
H-H,same node,2097152,12693.23
H-H,same node,4194304,12661.72
H-H,same node,8388608,12679.73
D-D,same node,4096,858.74
D-D,same node,8192,1676.94
D-D,same node,16384,3594.13
D-D,same node,32768,6399.48
D-D,same node,65536,7891.79
D-D,same node,131072,8913.56
D-D,same node,262144,9547.79
D-D,same node,524288,9889.40
D-D,same node,1048576,10069.52
D-D,same node,2097152,10159.29
D-D,same node,4194304,10206.91
D-D,same node,8388608,10231.45
H-H,two nodes,4096,6568.48
H-H,two nodes,8192,9228.37
H-H,two nodes,16384,10895.88
H-H,two nodes,32768,11567.01
H-H,two nodes,65536,11759.31
H-H,two nodes,131072,11979.20
H-H,two nodes,262144,12072.19
H-H,two nodes,524288,11988.41
H-H,two nodes,1048576,12031.36
H-H,two nodes,2097152,12095.53
H-H,two nodes,4194304,12100.24
H-H,two nodes,8388608,12067.22
D-D,two nodes,4096,861.96
D-D,two nodes,8192,1712.35
D-D,two nodes,16384,2791.59
D-D,two nodes,32768,3883.02
D-D,two nodes,65536,3986.28
D-D,two nodes,131072,4032.90
D-D,two nodes,262144,4052.81
D-D,two nodes,524288,4067.82
D-D,two nodes,1048576,4083.46
D-D,two nodes,2097152,4091.43
D-D,two nodes,4194304,4095.95
D-D,two nodes,8388608,4098.02
