Start (ns),Duration (ns),CorrId,GrdX,GrdY,GrdZ,BlkX,BlkY,BlkZ,Reg/Trd,StcSMem (MB),DymSMem (MB),Bytes (MB),Throughput (MB/s),SrcMemKd,DstMemKd,Device,Ctx,GreenCtx,Strm,Name
4279862837,458263035,1364,,,,,,,,,,2168.521,4337.042,Pageable,Device,NVIDIA A100 80GB PCIe (0),1,,7,[CUDA memcpy Host-to-Device]
4738359313,457865112,1365,,,,,,,,,,2168.521,4337.042,Pageable,Device,NVIDIA A100 80GB PCIe (0),1,,7,[CUDA memcpy Host-to-Device]
5196570923,10304,1374,8,512,1,128,1,1,16,0.000,0.000,,,,,NVIDIA A100 80GB PCIe (0),1,,15,"face_kernel(double *, double *, Face, bool)"
5196597900,7840,1376,8,512,1,128,1,1,16,0.000,0.000,,,,,NVIDIA A100 80GB PCIe (0),1,,15,"face_kernel(double *, double *, Face, bool)"
5196620044,340770,1377,,,,,,,,,,4.194,12306.088,Device,Pinned,NVIDIA A100 80GB PCIe (0),1,,15,[CUDA memcpy Device-to-Host]
5196964526,343138,1378,,,,,,,,,,4.194,12222.202,Device,Pinned,NVIDIA A100 80GB PCIe (0),1,,15,[CUDA memcpy Device-to-Host]
5197317840,3170289,1382,32,64,16,32,8,1,30,0.003,0.000,,,,,NVIDIA A100 80GB PCIe (0),1,,14,"interior_kernel(const double *, double *, Box, long, long)"
5198711063,364707,1385,,,,,,,,,,4.194,11496.587,Pinned,Device,NVIDIA A100 80GB PCIe (0),1,,15,[CUDA memcpy Host-to-Device]
5199079546,369474,1386,,,,,,,,,,4.194,11349.787,Pinned,Device,NVIDIA A100 80GB PCIe (0),1,,15,[CUDA memcpy Host-to-Device]
5199453468,29024,1388,8,512,1,128,1,1,16,0.000,0.000,,,,,NVIDIA A100 80GB PCIe (0),1,,15,"face_kernel(double *, double *, Face, bool)"
5199483612,28832,1390,8,512,1,128,1,1,16,0.000,0.000,,,,,NVIDIA A100 80GB PCIe (0),1,,15,"face_kernel(double *, double *, Face, bool)"
5200498850,16448,1393,2044,1,1,256,1,1,24,0.000,0.000,,,,,NVIDIA A100 80GB PCIe (0),1,,15,"shell_kernel(const double *, double *, Box, long, long)"
5200516290,14624,1395,2048,1,1,256,1,1,24,0.000,0.000,,,,,NVIDIA A100 80GB PCIe (0),1,,15,"shell_kernel(const double *, double *, Box, long, long)"
5200556546,6016,1401,8,512,1,128,1,1,16,0.000,0.000,,,,,NVIDIA A100 80GB PCIe (0),1,,15,"face_kernel(double *, double *, Face, bool)"
5200563554,5248,1403,8,512,1,128,1,1,16,0.000,0.000,,,,,NVIDIA A100 80GB PCIe (0),1,,15,"face_kernel(double *, double *, Face, bool)"
5200571010,321858,1404,,,,,,,,,,4.194,13027.508,Device,Pinned,NVIDIA A100 80GB PCIe (0),1,,15,[CUDA memcpy Device-to-Host]
5200584642,3197042,1408,32,64,16,32,8,1,30,0.003,0.000,,,,,NVIDIA A100 80GB PCIe (0),1,,14,"interior_kernel(const double *, double *, Box, long, long)"
5200897924,322050,1405,,,,,,,,,,4.194,13023.314,Device,Pinned,NVIDIA A100 80GB PCIe (0),1,,15,[CUDA memcpy Device-to-Host]
5202187883,345570,1411,,,,,,,,,,4.194,12134.121,Pinned,Device,NVIDIA A100 80GB PCIe (0),1,,15,[CUDA memcpy Host-to-Device]
5202536461,344546,1412,,,,,,,,,,4.194,12171.870,Pinned,Device,NVIDIA A100 80GB PCIe (0),1,,15,[CUDA memcpy Host-to-Device]
5202886031,29536,1414,8,512,1,128,1,1,16,0.000,0.000,,,,,NVIDIA A100 80GB PCIe (0),1,,15,"face_kernel(double *, double *, Face, bool)"
5202916655,29248,1416,8,512,1,128,1,1,16,0.000,0.000,,,,,NVIDIA A100 80GB PCIe (0),1,,15,"face_kernel(double *, double *, Face, bool)"
5202946991,40705,1418,2044,1,1,256,1,1,24,0.000,0.000,,,,,NVIDIA A100 80GB PCIe (0),1,,15,"shell_kernel(const double *, double *, Box, long, long)"
5202988784,38688,1420,2048,1,1,256,1,1,24,0.000,0.000,,,,,NVIDIA A100 80GB PCIe (0),1,,15,"shell_kernel(const double *, double *, Box, long, long)"
5203795924,7840,1426,8,512,1,128,1,1,16,0.000,0.000,,,,,NVIDIA A100 80GB PCIe (0),1,,15,"face_kernel(double *, double *, Face, bool)"
5203804884,8576,1428,8,512,1,128,1,1,16,0.000,0.000,,,,,NVIDIA A100 80GB PCIe (0),1,,15,"face_kernel(double *, double *, Face, bool)"
5203816980,320930,1429,,,,,,,,,,4.194,13065.257,Device,Pinned,NVIDIA A100 80GB PCIe (0),1,,15,[CUDA memcpy Device-to-Host]
5203819700,3203154,1433,32,64,16,32,8,1,30,0.003,0.000,,,,,NVIDIA A100 80GB PCIe (0),1,,14,"interior_kernel(const double *, double *, Box, long, long)"
5204141974,321186,1430,,,,,,,,,,4.194,13056.868,Device,Pinned,NVIDIA A100 80GB PCIe (0),1,,15,[CUDA memcpy Device-to-Host]
5205414397,344546,1436,,,,,,,,,,4.194,12171.870,Pinned,Device,NVIDIA A100 80GB PCIe (0),1,,15,[CUDA memcpy Host-to-Device]
5205761791,344290,1437,,,,,,,,,,4.194,12180.259,Pinned,Device,NVIDIA A100 80GB PCIe (0),1,,15,[CUDA memcpy Host-to-Device]
5206110369,29472,1439,8,512,1,128,1,1,16,0.000,0.000,,,,,NVIDIA A100 80GB PCIe (0),1,,15,"face_kernel(double *, double *, Face, bool)"
5206140865,29569,1441,8,512,1,128,1,1,16,0.000,0.000,,,,,NVIDIA A100 80GB PCIe (0),1,,15,"face_kernel(double *, double *, Face, bool)"
5206171586,38816,1443,2044,1,1,256,1,1,24,0.000,0.000,,,,,NVIDIA A100 80GB PCIe (0),1,,15,"shell_kernel(const double *, double *, Box, long, long)"
5206220162,30944,1445,2048,1,1,256,1,1,24,0.000,0.000,,,,,NVIDIA A100 80GB PCIe (0),1,,15,"shell_kernel(const double *, double *, Box, long, long)"
5207036550,8192,1451,8,512,1,128,1,1,16,0.000,0.000,,,,,NVIDIA A100 80GB PCIe (0),1,,15,"face_kernel(double *, double *, Face, bool)"
5207045894,9985,1453,8,512,1,128,1,1,16,0.000,0.000,,,,,NVIDIA A100 80GB PCIe (0),1,,15,"face_kernel(double *, double *, Face, bool)"
5207058279,321217,1454,,,,,,,,,,4.194,13056.868,Device,Pinned,NVIDIA A100 80GB PCIe (0),1,,15,[CUDA memcpy Device-to-Host]
5207060551,3194770,1458,32,64,16,32,8,1,30,0.003,0.000,,,,,NVIDIA A100 80GB PCIe (0),1,,14,"interior_kernel(const double *, double *, Box, long, long)"
5207382984,321570,1455,,,,,,,,,,4.194,13040.091,Device,Pinned,NVIDIA A100 80GB PCIe (0),1,,15,[CUDA memcpy Device-to-Host]
5208649616,344929,1461,,,,,,,,,,4.194,12159.287,Pinned,Device,NVIDIA A100 80GB PCIe (0),1,,15,[CUDA memcpy Host-to-Device]
5208997426,344417,1462,,,,,,,,,,4.194,12176.065,Pinned,Device,NVIDIA A100 80GB PCIe (0),1,,15,[CUDA memcpy Host-to-Device]
5209346227,28449,1464,8,512,1,128,1,1,16,0.000,0.000,,,,,NVIDIA A100 80GB PCIe (0),1,,15,"face_kernel(double *, double *, Face, bool)"
5209375636,30080,1466,8,512,1,128,1,1,16,0.000,0.000,,,,,NVIDIA A100 80GB PCIe (0),1,,15,"face_kernel(double *, double *, Face, bool)"
5209406676,39200,1468,2044,1,1,256,1,1,24,0.000,0.000,,,,,NVIDIA A100 80GB PCIe (0),1,,15,"shell_kernel(const double *, double *, Box, long, long)"
5209456308,30112,1470,2048,1,1,256,1,1,24,0.000,0.000,,,,,NVIDIA A100 80GB PCIe (0),1,,15,"shell_kernel(const double *, double *, Box, long, long)"
5210270137,7872,1476,8,512,1,128,1,1,16,0.000,0.000,,,,,NVIDIA A100 80GB PCIe (0),1,,15,"face_kernel(double *, double *, Face, bool)"
5210279001,9568,1478,8,512,1,128,1,1,16,0.000,0.000,,,,,NVIDIA A100 80GB PCIe (0),1,,15,"face_kernel(double *, double *, Face, bool)"
5210291065,320898,1479,,,,,,,,,,4.194,13069.451,Device,Pinned,NVIDIA A100 80GB PCIe (0),1,,15,[CUDA memcpy Device-to-Host]
5210293209,3201266,1483,32,64,16,32,8,1,30,0.003,0.000,,,,,NVIDIA A100 80GB PCIe (0),1,,14,"interior_kernel(const double *, double *, Box, long, long)"
5210615259,321185,1480,,,,,,,,,,4.194,13056.868,Device,Pinned,NVIDIA A100 80GB PCIe (0),1,,15,[CUDA memcpy Device-to-Host]
5211838242,345281,1486,,,,,,,,,,4.194,12146.704,Pinned,Device,NVIDIA A100 80GB PCIe (0),1,,15,[CUDA memcpy Host-to-Device]
5212186308,344481,1487,,,,,,,,,,4.194,12171.870,Pinned,Device,NVIDIA A100 80GB PCIe (0),1,,15,[CUDA memcpy Host-to-Device]
5212534533,28289,1489,8,512,1,128,1,1,16,0.000,0.000,,,,,NVIDIA A100 80GB PCIe (0),1,,15,"face_kernel(double *, double *, Face, bool)"
5212563878,28800,1491,8,512,1,128,1,1,16,0.000,0.000,,,,,NVIDIA A100 80GB PCIe (0),1,,15,"face_kernel(double *, double *, Face, bool)"
5212593606,38304,1493,2044,1,1,256,1,1,24,0.000,0.000,,,,,NVIDIA A100 80GB PCIe (0),1,,15,"shell_kernel(const double *, double *, Box, long, long)"
5212632998,39264,1495,2048,1,1,256,1,1,24,0.000,0.000,,,,,NVIDIA A100 80GB PCIe (0),1,,15,"shell_kernel(const double *, double *, Box, long, long)"
5213508395,7936,1501,8,512,1,128,1,1,16,0.000,0.000,,,,,NVIDIA A100 80GB PCIe (0),1,,15,"face_kernel(double *, double *, Face, bool)"
5213517387,9888,1503,8,512,1,128,1,1,16,0.000,0.000,,,,,NVIDIA A100 80GB PCIe (0),1,,15,"face_kernel(double *, double *, Face, bool)"
5213528971,320770,1504,,,,,,,,,,4.194,13073.646,Device,Pinned,NVIDIA A100 80GB PCIe (0),1,,15,[CUDA memcpy Device-to-Host]
5213531755,3204050,1508,32,64,16,32,8,1,30,0.003,0.000,,,,,NVIDIA A100 80GB PCIe (0),1,,14,"interior_kernel(const double *, double *, Box, long, long)"
5213853165,321666,1505,,,,,,,,,,4.194,13035.897,Device,Pinned,NVIDIA A100 80GB PCIe (0),1,,15,[CUDA memcpy Device-to-Host]
5215069492,344610,1511,,,,,,,,,,4.194,12167.676,Pinned,Device,NVIDIA A100 80GB PCIe (0),1,,15,[CUDA memcpy Host-to-Device]
5215417590,344610,1512,,,,,,,,,,4.194,12167.676,Pinned,Device,NVIDIA A100 80GB PCIe (0),1,,15,[CUDA memcpy Host-to-Device]
5215766328,28704,1514,8,512,1,128,1,1,16,0.000,0.000,,,,,NVIDIA A100 80GB PCIe (0),1,,15,"face_kernel(double *, double *, Face, bool)"
5215796504,29152,1516,8,512,1,128,1,1,16,0.000,0.000,,,,,NVIDIA A100 80GB PCIe (0),1,,15,"face_kernel(double *, double *, Face, bool)"
5215826840,39264,1518,2044,1,1,256,1,1,24,0.000,0.000,,,,,NVIDIA A100 80GB PCIe (0),1,,15,"shell_kernel(const double *, double *, Box, long, long)"
5215875768,28801,1520,2048,1,1,256,1,1,24,0.000,0.000,,,,,NVIDIA A100 80GB PCIe (0),1,,15,"shell_kernel(const double *, double *, Box, long, long)"
5216749821,7840,1526,8,512,1,128,1,1,16,0.000,0.000,,,,,NVIDIA A100 80GB PCIe (0),1,,15,"face_kernel(double *, double *, Face, bool)"
5216758653,7488,1528,8,512,1,128,1,1,16,0.000,0.000,,,,,NVIDIA A100 80GB PCIe (0),1,,15,"face_kernel(double *, double *, Face, bool)"
5216778173,320674,1529,,,,,,,,,,4.194,13077.840,Device,Pinned,NVIDIA A100 80GB PCIe (0),1,,15,[CUDA memcpy Device-to-Host]
5216793758,3199634,1533,32,64,16,32,8,1,30,0.003,0.000,,,,,NVIDIA A100 80GB PCIe (0),1,,14,"interior_kernel(const double *, double *, Box, long, long)"
5217102783,321506,1530,,,,,,,,,,4.194,13044.285,Device,Pinned,NVIDIA A100 80GB PCIe (0),1,,15,[CUDA memcpy Device-to-Host]
5218300742,344546,1536,,,,,,,,,,4.194,12171.870,Pinned,Device,NVIDIA A100 80GB PCIe (0),1,,15,[CUDA memcpy Host-to-Device]
5218648296,344354,1537,,,,,,,,,,4.194,12176.065,Pinned,Device,NVIDIA A100 80GB PCIe (0),1,,15,[CUDA memcpy Host-to-Device]
5218997194,29952,1539,8,512,1,128,1,1,16,0.000,0.000,,,,,NVIDIA A100 80GB PCIe (0),1,,15,"face_kernel(double *, double *, Face, bool)"
5219028170,30336,1541,8,512,1,128,1,1,16,0.000,0.000,,,,,NVIDIA A100 80GB PCIe (0),1,,15,"face_kernel(double *, double *, Face, bool)"
5219059594,37857,1543,2044,1,1,256,1,1,24,0.000,0.000,,,,,NVIDIA A100 80GB PCIe (0),1,,15,"shell_kernel(const double *, double *, Box, long, long)"
5219108971,29120,1545,2048,1,1,256,1,1,24,0.000,0.000,,,,,NVIDIA A100 80GB PCIe (0),1,,15,"shell_kernel(const double *, double *, Box, long, long)"
5220007088,8064,1551,8,512,1,128,1,1,16,0.000,0.000,,,,,NVIDIA A100 80GB PCIe (0),1,,15,"face_kernel(double *, double *, Face, bool)"
5220016176,7552,1553,8,512,1,128,1,1,16,0.000,0.000,,,,,NVIDIA A100 80GB PCIe (0),1,,15,"face_kernel(double *, double *, Face, bool)"
5220027280,320994,1554,,,,,,,,,,4.194,13065.257,Device,Pinned,NVIDIA A100 80GB PCIe (0),1,,15,[CUDA memcpy Device-to-Host]
5220030192,3202098,1558,32,64,16,32,8,1,30,0.003,0.000,,,,,NVIDIA A100 80GB PCIe (0),1,,14,"interior_kernel(const double *, double *, Box, long, long)"
5220352178,321633,1555,,,,,,,,,,4.194,13040.091,Device,Pinned,NVIDIA A100 80GB PCIe (0),1,,15,[CUDA memcpy Device-to-Host]
5221555320,345058,1561,,,,,,,,,,4.194,12155.093,Pinned,Device,NVIDIA A100 80GB PCIe (0),1,,15,[CUDA memcpy Host-to-Device]
5221903418,344002,1562,,,,,,,,,,4.194,12188.647,Pinned,Device,NVIDIA A100 80GB PCIe (0),1,,15,[CUDA memcpy Host-to-Device]
5222251548,29280,1564,8,512,1,128,1,1,16,0.000,0.000,,,,,NVIDIA A100 80GB PCIe (0),1,,15,"face_kernel(double *, double *, Face, bool)"
5222282045,28992,1566,8,512,1,128,1,1,16,0.000,0.000,,,,,NVIDIA A100 80GB PCIe (0),1,,15,"face_kernel(double *, double *, Face, bool)"
5222312125,39040,1568,2044,1,1,256,1,1,24,0.000,0.000,,,,,NVIDIA A100 80GB PCIe (0),1,,15,"shell_kernel(const double *, double *, Box, long, long)"
5222361917,29408,1570,2048,1,1,256,1,1,24,0.000,0.000,,,,,NVIDIA A100 80GB PCIe (0),1,,15,"shell_kernel(const double *, double *, Box, long, long)"
5223245954,8128,1576,8,512,1,128,1,1,16,0.000,0.000,,,,,NVIDIA A100 80GB PCIe (0),1,,15,"face_kernel(double *, double *, Face, bool)"
5223255202,10112,1578,8,512,1,128,1,1,16,0.000,0.000,,,,,NVIDIA A100 80GB PCIe (0),1,,15,"face_kernel(double *, double *, Face, bool)"
5223266946,320770,1579,,,,,,,,,,4.194,13073.646,Device,Pinned,NVIDIA A100 80GB PCIe (0),1,,15,[CUDA memcpy Device-to-Host]
5223268098,3197074,1583,32,64,16,32,8,1,30,0.003,0.000,,,,,NVIDIA A100 80GB PCIe (0),1,,14,"interior_kernel(const double *, double *, Box, long, long)"
5223590916,321922,1580,,,,,,,,,,4.194,13027.508,Device,Pinned,NVIDIA A100 80GB PCIe (0),1,,15,[CUDA memcpy Device-to-Host]
5224786027,344770,1586,,,,,,,,,,4.194,12163.482,Pinned,Device,NVIDIA A100 80GB PCIe (0),1,,15,[CUDA memcpy Host-to-Device]
5225133773,344418,1587,,,,,,,,,,4.194,12176.065,Pinned,Device,NVIDIA A100 80GB PCIe (0),1,,15,[CUDA memcpy Host-to-Device]
5225482255,28800,1589,8,512,1,128,1,1,16,0.000,0.000,,,,,NVIDIA A100 80GB PCIe (0),1,,15,"face_kernel(double *, double *, Face, bool)"
5225512687,28448,1591,8,512,1,128,1,1,16,0.000,0.000,,,,,NVIDIA A100 80GB PCIe (0),1,,15,"face_kernel(double *, double *, Face, bool)"
5225542287,39040,1593,2044,1,1,256,1,1,24,0.000,0.000,,,,,NVIDIA A100 80GB PCIe (0),1,,15,"shell_kernel(const double *, double *, Box, long, long)"
5225582927,37504,1595,2048,1,1,256,1,1,24,0.000,0.000,,,,,NVIDIA A100 80GB PCIe (0),1,,15,"shell_kernel(const double *, double *, Box, long, long)"
5226478868,8000,1601,8,512,1,128,1,1,16,0.000,0.000,,,,,NVIDIA A100 80GB PCIe (0),1,,15,"face_kernel(double *, double *, Face, bool)"
5226487764,9216,1603,8,512,1,128,1,1,16,0.000,0.000,,,,,NVIDIA A100 80GB PCIe (0),1,,15,"face_kernel(double *, double *, Face, bool)"
5226499732,320802,1604,,,,,,,,,,4.194,13073.646,Device,Pinned,NVIDIA A100 80GB PCIe (0),1,,15,[CUDA memcpy Device-to-Host]
5226500564,3211634,1608,32,64,16,32,8,1,30,0.003,0.000,,,,,NVIDIA A100 80GB PCIe (0),1,,14,"interior_kernel(const double *, double *, Box, long, long)"
5226823862,321730,1605,,,,,,,,,,4.194,13035.897,Device,Pinned,NVIDIA A100 80GB PCIe (0),1,,15,[CUDA memcpy Device-to-Host]
5228025085,344930,1611,,,,,,,,,,4.194,12159.287,Pinned,Device,NVIDIA A100 80GB PCIe (0),1,,15,[CUDA memcpy Host-to-Device]
5228373439,344450,1612,,,,,,,,,,4.194,12176.065,Pinned,Device,NVIDIA A100 80GB PCIe (0),1,,15,[CUDA memcpy Host-to-Device]
5228722241,29632,1614,8,512,1,128,1,1,16,0.000,0.000,,,,,NVIDIA A100 80GB PCIe (0),1,,15,"face_kernel(double *, double *, Face, bool)"
5228753121,29536,1616,8,512,1,128,1,1,16,0.000,0.000,,,,,NVIDIA A100 80GB PCIe (0),1,,15,"face_kernel(double *, double *, Face, bool)"
5228783745,40608,1618,2044,1,1,256,1,1,24,0.000,0.000,,,,,NVIDIA A100 80GB PCIe (0),1,,15,"shell_kernel(const double *, double *, Box, long, long)"
5228833057,29409,1620,2048,1,1,256,1,1,24,0.000,0.000,,,,,NVIDIA A100 80GB PCIe (0),1,,15,"shell_kernel(const double *, double *, Box, long, long)"
5229729863,7904,1626,8,512,1,128,1,1,16,0.000,0.000,,,,,NVIDIA A100 80GB PCIe (0),1,,15,"face_kernel(double *, double *, Face, bool)"
5229738919,9792,1628,8,512,1,128,1,1,16,0.000,0.000,,,,,NVIDIA A100 80GB PCIe (0),1,,15,"face_kernel(double *, double *, Face, bool)"
5229750951,321025,1629,,,,,,,,,,4.194,13065.257,Device,Pinned,NVIDIA A100 80GB PCIe (0),1,,15,[CUDA memcpy Device-to-Host]
5229753479,3229842,1633,32,64,16,32,8,1,30,0.003,0.000,,,,,NVIDIA A100 80GB PCIe (0),1,,14,"interior_kernel(const double *, double *, Box, long, long)"
5230075912,322242,1630,,,,,,,,,,4.194,13014.925,Device,Pinned,NVIDIA A100 80GB PCIe (0),1,,15,[CUDA memcpy Device-to-Host]
5231270895,345602,1636,,,,,,,,,,4.194,12134.121,Pinned,Device,NVIDIA A100 80GB PCIe (0),1,,15,[CUDA memcpy Host-to-Device]
5231619249,344834,1637,,,,,,,,,,4.194,12159.287,Pinned,Device,NVIDIA A100 80GB PCIe (0),1,,15,[CUDA memcpy Host-to-Device]
5231968211,28896,1639,8,512,1,128,1,1,16,0.000,0.000,,,,,NVIDIA A100 80GB PCIe (0),1,,15,"face_kernel(double *, double *, Face, bool)"
5231998195,28929,1641,8,512,1,128,1,1,16,0.000,0.000,,,,,NVIDIA A100 80GB PCIe (0),1,,15,"face_kernel(double *, double *, Face, bool)"
5232028660,38304,1643,2044,1,1,256,1,1,24,0.000,0.000,,,,,NVIDIA A100 80GB PCIe (0),1,,15,"shell_kernel(const double *, double *, Box, long, long)"
5232080084,28576,1645,2048,1,1,256,1,1,24,0.000,0.000,,,,,NVIDIA A100 80GB PCIe (0),1,,15,"shell_kernel(const double *, double *, Box, long, long)"
5232998105,8064,1651,8,512,1,128,1,1,16,0.000,0.000,,,,,NVIDIA A100 80GB PCIe (0),1,,15,"face_kernel(double *, double *, Face, bool)"
5233007193,7808,1653,8,512,1,128,1,1,16,0.000,0.000,,,,,NVIDIA A100 80GB PCIe (0),1,,15,"face_kernel(double *, double *, Face, bool)"
5233017529,321090,1654,,,,,,,,,,4.194,13061.063,Device,Pinned,NVIDIA A100 80GB PCIe (0),1,,15,[CUDA memcpy Device-to-Host]
5233018713,3230322,1658,32,64,16,32,8,1,30,0.003,0.000,,,,,NVIDIA A100 80GB PCIe (0),1,,14,"interior_kernel(const double *, double *, Box, long, long)"
5233341851,321954,1655,,,,,,,,,,4.194,13027.508,Device,Pinned,NVIDIA A100 80GB PCIe (0),1,,15,[CUDA memcpy Device-to-Host]
5234542082,344482,1661,,,,,,,,,,4.194,12171.870,Pinned,Device,NVIDIA A100 80GB PCIe (0),1,,15,[CUDA memcpy Host-to-Device]
5234889988,344610,1662,,,,,,,,,,4.194,12167.676,Pinned,Device,NVIDIA A100 80GB PCIe (0),1,,15,[CUDA memcpy Host-to-Device]
5235239238,29504,1664,8,512,1,128,1,1,16,0.000,0.000,,,,,NVIDIA A100 80GB PCIe (0),1,,15,"face_kernel(double *, double *, Face, bool)"
5235270086,29472,1666,8,512,1,128,1,1,16,0.000,0.000,,,,,NVIDIA A100 80GB PCIe (0),1,,15,"face_kernel(double *, double *, Face, bool)"
5235301094,40672,1668,2044,1,1,256,1,1,24,0.000,0.000,,,,,NVIDIA A100 80GB PCIe (0),1,,15,"shell_kernel(const double *, double *, Box, long, long)"
5235351750,28864,1670,2048,1,1,256,1,1,24,0.000,0.000,,,,,NVIDIA A100 80GB PCIe (0),1,,15,"shell_kernel(const double *, double *, Box, long, long)"
5236267627,8192,1676,8,512,1,128,1,1,16,0.000,0.000,,,,,NVIDIA A100 80GB PCIe (0),1,,15,"face_kernel(double *, double *, Face, bool)"
5236276876,9632,1678,8,512,1,128,1,1,16,0.000,0.000,,,,,NVIDIA A100 80GB PCIe (0),1,,15,"face_kernel(double *, double *, Face, bool)"
5236289260,320833,1679,,,,,,,,,,4.194,13069.451,Device,Pinned,NVIDIA A100 80GB PCIe (0),1,,15,[CUDA memcpy Device-to-Host]
5236290412,3224882,1683,32,64,16,32,8,1,30,0.003,0.000,,,,,NVIDIA A100 80GB PCIe (0),1,,14,"interior_kernel(const double *, double *, Box, long, long)"
5236613229,321890,1680,,,,,,,,,,4.194,13027.508,Device,Pinned,NVIDIA A100 80GB PCIe (0),1,,15,[CUDA memcpy Device-to-Host]
5237799636,345058,1686,,,,,,,,,,4.194,12155.093,Pinned,Device,NVIDIA A100 80GB PCIe (0),1,,15,[CUDA memcpy Host-to-Device]
5238148182,344290,1687,,,,,,,,,,4.194,12180.259,Pinned,Device,NVIDIA A100 80GB PCIe (0),1,,15,[CUDA memcpy Host-to-Device]
5238497592,29472,1689,8,512,1,128,1,1,16,0.000,0.000,,,,,NVIDIA A100 80GB PCIe (0),1,,15,"face_kernel(double *, double *, Face, bool)"
5238528312,29216,1691,8,512,1,128,1,1,16,0.000,0.000,,,,,NVIDIA A100 80GB PCIe (0),1,,15,"face_kernel(double *, double *, Face, bool)"
5238558584,38465,1693,2044,1,1,256,1,1,24,0.000,0.000,,,,,NVIDIA A100 80GB PCIe (0),1,,15,"shell_kernel(const double *, double *, Box, long, long)"
5238608537,29536,1695,2048,1,1,256,1,1,24,0.000,0.000,,,,,NVIDIA A100 80GB PCIe (0),1,,15,"shell_kernel(const double *, double *, Box, long, long)"
5239529886,8128,1701,8,512,1,128,1,1,16,0.000,0.000,,,,,NVIDIA A100 80GB PCIe (0),1,,15,"face_kernel(double *, double *, Face, bool)"
5239538942,9504,1703,8,512,1,128,1,1,16,0.000,0.000,,,,,NVIDIA A100 80GB PCIe (0),1,,15,"face_kernel(double *, double *, Face, bool)"
5239550686,321442,1704,,,,,,,,,,4.194,13044.285,Device,Pinned,NVIDIA A100 80GB PCIe (0),1,,15,[CUDA memcpy Device-to-Host]
5239552382,3227762,1708,32,64,16,32,8,1,30,0.003,0.000,,,,,NVIDIA A100 80GB PCIe (0),1,,14,"interior_kernel(const double *, double *, Box, long, long)"
5239875200,322242,1705,,,,,,,,,,4.194,13014.925,Device,Pinned,NVIDIA A100 80GB PCIe (0),1,,15,[CUDA memcpy Device-to-Host]
5241057414,345122,1711,,,,,,,,,,4.194,12150.899,Pinned,Device,NVIDIA A100 80GB PCIe (0),1,,15,[CUDA memcpy Host-to-Device]
5241405512,344642,1712,,,,,,,,,,4.194,12167.676,Pinned,Device,NVIDIA A100 80GB PCIe (0),1,,15,[CUDA memcpy Host-to-Device]
5241754378,29121,1714,8,512,1,128,1,1,16,0.000,0.000,,,,,NVIDIA A100 80GB PCIe (0),1,,15,"face_kernel(double *, double *, Face, bool)"
5241784779,28896,1716,8,512,1,128,1,1,16,0.000,0.000,,,,,NVIDIA A100 80GB PCIe (0),1,,15,"face_kernel(double *, double *, Face, bool)"
5241815051,39232,1718,2044,1,1,256,1,1,24,0.000,0.000,,,,,NVIDIA A100 80GB PCIe (0),1,,15,"shell_kernel(const double *, double *, Box, long, long)"
5241855467,40160,1720,2048,1,1,256,1,1,24,0.000,0.000,,,,,NVIDIA A100 80GB PCIe (0),1,,15,"shell_kernel(const double *, double *, Box, long, long)"
5242794192,8160,1726,8,512,1,128,1,1,16,0.000,0.000,,,,,NVIDIA A100 80GB PCIe (0),1,,15,"face_kernel(double *, double *, Face, bool)"
5242803376,9952,1728,8,512,1,128,1,1,16,0.000,0.000,,,,,NVIDIA A100 80GB PCIe (0),1,,15,"face_kernel(double *, double *, Face, bool)"
5242815568,321346,1729,,,,,,,,,,4.194,13048.480,Device,Pinned,NVIDIA A100 80GB PCIe (0),1,,15,[CUDA memcpy Device-to-Host]
5242818064,3225043,1733,32,64,16,32,8,1,30,0.003,0.000,,,,,NVIDIA A100 80GB PCIe (0),1,,14,"interior_kernel(const double *, double *, Box, long, long)"
5243140786,321730,1730,,,,,,,,,,4.194,13035.897,Device,Pinned,NVIDIA A100 80GB PCIe (0),1,,15,[CUDA memcpy Device-to-Host]
5244321657,345090,1736,,,,,,,,,,4.194,12150.899,Pinned,Device,NVIDIA A100 80GB PCIe (0),1,,15,[CUDA memcpy Host-to-Device]
5244670043,344386,1737,,,,,,,,,,4.194,12176.065,Pinned,Device,NVIDIA A100 80GB PCIe (0),1,,15,[CUDA memcpy Host-to-Device]
5245019005,28608,1739,8,512,1,128,1,1,16,0.000,0.000,,,,,NVIDIA A100 80GB PCIe (0),1,,15,"face_kernel(double *, double *, Face, bool)"
5245049341,30816,1741,8,512,1,128,1,1,16,0.000,0.000,,,,,NVIDIA A100 80GB PCIe (0),1,,15,"face_kernel(double *, double *, Face, bool)"
5245081309,38016,1743,2044,1,1,256,1,1,24,0.000,0.000,,,,,NVIDIA A100 80GB PCIe (0),1,,15,"shell_kernel(const double *, double *, Box, long, long)"
5245130557,28769,1745,2048,1,1,256,1,1,24,0.000,0.000,,,,,NVIDIA A100 80GB PCIe (0),1,,15,"shell_kernel(const double *, double *, Box, long, long)"
5246056739,8064,1751,8,512,1,128,1,1,16,0.000,0.000,,,,,NVIDIA A100 80GB PCIe (0),1,,15,"face_kernel(double *, double *, Face, bool)"
5246065827,10176,1753,8,512,1,128,1,1,16,0.000,0.000,,,,,NVIDIA A100 80GB PCIe (0),1,,15,"face_kernel(double *, double *, Face, bool)"
5246078755,321026,1754,,,,,,,,,,4.194,13065.257,Device,Pinned,NVIDIA A100 80GB PCIe (0),1,,15,[CUDA memcpy Device-to-Host]
5246080163,3237426,1758,32,64,16,32,8,1,30,0.003,0.000,,,,,NVIDIA A100 80GB PCIe (0),1,,14,"interior_kernel(const double *, double *, Box, long, long)"
5246403845,321697,1755,,,,,,,,,,4.194,13035.897,Device,Pinned,NVIDIA A100 80GB PCIe (0),1,,15,[CUDA memcpy Device-to-Host]
5247613867,344418,1761,,,,,,,,,,4.194,12176.065,Pinned,Device,NVIDIA A100 80GB PCIe (0),1,,15,[CUDA memcpy Host-to-Device]
5247961005,345058,1762,,,,,,,,,,4.194,12155.093,Pinned,Device,NVIDIA A100 80GB PCIe (0),1,,15,[CUDA memcpy Host-to-Device]
5248309807,28257,1764,8,512,1,128,1,1,16,0.000,0.000,,,,,NVIDIA A100 80GB PCIe (0),1,,15,"face_kernel(double *, double *, Face, bool)"
5248339376,30016,1766,8,512,1,128,1,1,16,0.000,0.000,,,,,NVIDIA A100 80GB PCIe (0),1,,15,"face_kernel(double *, double *, Face, bool)"
5248370832,38848,1768,2044,1,1,256,1,1,24,0.000,0.000,,,,,NVIDIA A100 80GB PCIe (0),1,,15,"shell_kernel(const double *, double *, Box, long, long)"
5248419728,30240,1770,2048,1,1,256,1,1,24,0.000,0.000,,,,,NVIDIA A100 80GB PCIe (0),1,,15,"shell_kernel(const double *, double *, Box, long, long)"
5249331605,8160,1776,8,512,1,128,1,1,16,0.000,0.000,,,,,NVIDIA A100 80GB PCIe (0),1,,15,"face_kernel(double *, double *, Face, bool)"
5249340853,9920,1778,8,512,1,128,1,1,16,0.000,0.000,,,,,NVIDIA A100 80GB PCIe (0),1,,15,"face_kernel(double *, double *, Face, bool)"
5249352821,321122,1779,,,,,,,,,,4.194,13061.063,Device,Pinned,NVIDIA A100 80GB PCIe (0),1,,15,[CUDA memcpy Device-to-Host]
5249355445,3270227,1783,32,64,16,32,8,1,30,0.003,0.000,,,,,NVIDIA A100 80GB PCIe (0),1,,14,"interior_kernel(const double *, double *, Box, long, long)"
5249678103,322146,1780,,,,,,,,,,4.194,13019.120,Device,Pinned,NVIDIA A100 80GB PCIe (0),1,,15,[CUDA memcpy Device-to-Host]
5250888318,344930,1786,,,,,,,,,,4.194,12159.287,Pinned,Device,NVIDIA A100 80GB PCIe (0),1,,15,[CUDA memcpy Host-to-Device]
5251237120,344546,1787,,,,,,,,,,4.194,12171.870,Pinned,Device,NVIDIA A100 80GB PCIe (0),1,,15,[CUDA memcpy Host-to-Device]
5251586818,29824,1789,8,512,1,128,1,1,16,0.000,0.000,,,,,NVIDIA A100 80GB PCIe (0),1,,15,"face_kernel(double *, double *, Face, bool)"
5251617762,30432,1791,8,512,1,128,1,1,16,0.000,0.000,,,,,NVIDIA A100 80GB PCIe (0),1,,15,"face_kernel(double *, double *, Face, bool)"
5251649282,39136,1793,2044,1,1,256,1,1,24,0.000,0.000,,,,,NVIDIA A100 80GB PCIe (0),1,,15,"shell_kernel(const double *, double *, Box, long, long)"
5251699459,31264,1795,2048,1,1,256,1,1,24,0.000,0.000,,,,,NVIDIA A100 80GB PCIe (0),1,,15,"shell_kernel(const double *, double *, Box, long, long)"
5252639592,8224,1801,8,512,1,128,1,1,16,0.000,0.000,,,,,NVIDIA A100 80GB PCIe (0),1,,15,"face_kernel(double *, double *, Face, bool)"
5252648936,10304,1803,8,512,1,128,1,1,16,0.000,0.000,,,,,NVIDIA A100 80GB PCIe (0),1,,15,"face_kernel(double *, double *, Face, bool)"
5252661096,321090,1804,,,,,,,,,,4.194,13061.063,Device,Pinned,NVIDIA A100 80GB PCIe (0),1,,15,[CUDA memcpy Device-to-Host]
5252663016,3269906,1808,32,64,16,32,8,1,30,0.003,0.000,,,,,NVIDIA A100 80GB PCIe (0),1,,14,"interior_kernel(const double *, double *, Box, long, long)"
5252986730,321506,1805,,,,,,,,,,4.194,13044.285,Device,Pinned,NVIDIA A100 80GB PCIe (0),1,,15,[CUDA memcpy Device-to-Host]
5254196753,345026,1811,,,,,,,,,,4.194,12155.093,Pinned,Device,NVIDIA A100 80GB PCIe (0),1,,15,[CUDA memcpy Host-to-Device]
5254545363,344546,1812,,,,,,,,,,4.194,12171.870,Pinned,Device,NVIDIA A100 80GB PCIe (0),1,,15,[CUDA memcpy Host-to-Device]
5254894773,29056,1814,8,512,1,128,1,1,16,0.000,0.000,,,,,NVIDIA A100 80GB PCIe (0),1,,15,"face_kernel(double *, double *, Face, bool)"
5254925045,30496,1816,8,512,1,128,1,1,16,0.000,0.000,,,,,NVIDIA A100 80GB PCIe (0),1,,15,"face_kernel(double *, double *, Face, bool)"
5254956757,38752,1818,2044,1,1,256,1,1,24,0.000,0.000,,,,,NVIDIA A100 80GB PCIe (0),1,,15,"shell_kernel(const double *, double *, Box, long, long)"
5255007797,30464,1820,2048,1,1,256,1,1,24,0.000,0.000,,,,,NVIDIA A100 80GB PCIe (0),1,,15,"shell_kernel(const double *, double *, Box, long, long)"
5255947451,8448,1826,8,512,1,128,1,1,16,0.000,0.000,,,,,NVIDIA A100 80GB PCIe (0),1,,15,"face_kernel(double *, double *, Face, bool)"
5255957115,10112,1828,8,512,1,128,1,1,16,0.000,0.000,,,,,NVIDIA A100 80GB PCIe (0),1,,15,"face_kernel(double *, double *, Face, bool)"
5255968699,321217,1829,,,,,,,,,,4.194,13056.868,Device,Pinned,NVIDIA A100 80GB PCIe (0),1,,15,[CUDA memcpy Device-to-Host]
5255971323,3271250,1833,32,64,16,32,8,1,30,0.003,0.000,,,,,NVIDIA A100 80GB PCIe (0),1,,14,"interior_kernel(const double *, double *, Box, long, long)"
5256293500,321826,1830,,,,,,,,,,4.194,13031.703,Device,Pinned,NVIDIA A100 80GB PCIe (0),1,,15,[CUDA memcpy Device-to-Host]
5257489603,344738,1836,,,,,,,,,,4.194,12163.482,Pinned,Device,NVIDIA A100 80GB PCIe (0),1,,15,[CUDA memcpy Host-to-Device]
5257837605,344226,1837,,,,,,,,,,4.194,12184.453,Pinned,Device,NVIDIA A100 80GB PCIe (0),1,,15,[CUDA memcpy Host-to-Device]
5258186599,29248,1839,8,512,1,128,1,1,16,0.000,0.000,,,,,NVIDIA A100 80GB PCIe (0),1,,15,"face_kernel(double *, double *, Face, bool)"
5258217159,30145,1841,8,512,1,128,1,1,16,0.000,0.000,,,,,NVIDIA A100 80GB PCIe (0),1,,15,"face_kernel(double *, double *, Face, bool)"
5258248424,39008,1843,2044,1,1,256,1,1,24,0.000,0.000,,,,,NVIDIA A100 80GB PCIe (0),1,,15,"shell_kernel(const double *, double *, Box, long, long)"
5258299592,29664,1845,2048,1,1,256,1,1,24,0.000,0.000,,,,,NVIDIA A100 80GB PCIe (0),1,,15,"shell_kernel(const double *, double *, Box, long, long)"
5259257101,8320,1851,8,512,1,128,1,1,16,0.000,0.000,,,,,NVIDIA A100 80GB PCIe (0),1,,15,"face_kernel(double *, double *, Face, bool)"
5259266477,9824,1853,8,512,1,128,1,1,16,0.000,0.000,,,,,NVIDIA A100 80GB PCIe (0),1,,15,"face_kernel(double *, double *, Face, bool)"
5259278221,321186,1854,,,,,,,,,,4.194,13056.868,Device,Pinned,NVIDIA A100 80GB PCIe (0),1,,15,[CUDA memcpy Device-to-Host]
5259279821,3266131,1858,32,64,16,32,8,1,30,0.003,0.000,,,,,NVIDIA A100 80GB PCIe (0),1,,14,"interior_kernel(const double *, double *, Box, long, long)"
5259602767,321922,1855,,,,,,,,,,4.194,13027.508,Device,Pinned,NVIDIA A100 80GB PCIe (0),1,,15,[CUDA memcpy Device-to-Host]
5260783190,344930,1861,,,,,,,,,,4.194,12159.287,Pinned,Device,NVIDIA A100 80GB PCIe (0),1,,15,[CUDA memcpy Host-to-Device]
5261131832,344770,1862,,,,,,,,,,4.194,12163.482,Pinned,Device,NVIDIA A100 80GB PCIe (0),1,,15,[CUDA memcpy Host-to-Device]
5261480922,30112,1864,8,512,1,128,1,1,16,0.000,0.000,,,,,NVIDIA A100 80GB PCIe (0),1,,15,"face_kernel(double *, double *, Face, bool)"
5261512634,29792,1866,8,512,1,128,1,1,16,0.000,0.000,,,,,NVIDIA A100 80GB PCIe (0),1,,15,"face_kernel(double *, double *, Face, bool)"
5261543610,39744,1868,2044,1,1,256,1,1,24,0.000,0.000,,,,,NVIDIA A100 80GB PCIe (0),1,,15,"shell_kernel(const double *, double *, Box, long, long)"
5261592954,30305,1870,2048,1,1,256,1,1,24,0.000,0.000,,,,,NVIDIA A100 80GB PCIe (0),1,,15,"shell_kernel(const double *, double *, Box, long, long)"
5262569312,449735243,1875,,,,,,,,,,2168.521,4337.042,Device,Pageable,NVIDIA A100 80GB PCIe (0),1,,7,[CUDA memcpy Device-to-Host]
