backend,cuda_aware,nodes,ranks,threads,px,py,pz,nx,ny,nz,steps,time_s,wait_s,inner_s,glups,gbs,kernel_gbs,err
omp,0,1,2,2,1,1,2,16,16,16,50,0.001903,0.000769,0.000165,0.1076,1.72,0.00,4.418e-15
omp,0,2,8,2,2,2,2,16,16,16,50,0.010809,0.006902,0.000507,0.0189,0.30,0.00,4.418e-15
omp,0,2,8,2,2,2,2,17,17,17,50,0.005025,0.004044,0.000194,0.0489,0.78,0.00,2.767e-15
omp,0,2,12,2,2,2,3,23,23,23,30,0.007071,0.006276,0.000285,0.0516,0.83,0.00,1.839e-15
cuda,0,1,1,4,1,1,1,16,16,16,50,0.001300,0.000013,0.000908,0.1576,2.52,3.61,4.418e-15
cuda,1,1,1,4,1,1,1,16,16,16,50,0.001358,0.000017,0.000965,0.1509,2.41,3.40,4.418e-15
cuda,0,1,1,4,1,1,1,17,17,17,50,0.001329,0.000014,0.000954,0.1848,2.96,4.12,2.767e-15
cuda,1,1,1,4,1,1,1,17,17,17,50,0.001402,0.000018,0.001002,0.1752,2.80,3.92,2.767e-15
cuda,0,1,1,4,1,1,1,64,64,64,50,0.001950,0.000013,0.001562,6.7211,107.54,134.30,6.336e-15
cuda,1,1,1,4,1,1,1,64,64,64,50,0.001949,0.000013,0.001552,6.7246,107.59,135.09,6.336e-15
cuda,0,1,2,4,1,1,2,16,16,16,50,0.002053,0.000188,0.000495,0.0997,1.60,2.91,4.418e-15
cuda,1,1,2,4,1,1,2,16,16,16,50,0.009830,0.005272,0.000505,0.0208,0.33,2.84,4.418e-15
cuda,0,1,2,4,1,1,2,17,17,17,50,0.002107,0.000205,0.000531,0.1166,1.87,3.48,2.767e-15
cuda,1,1,2,4,1,1,2,17,17,17,50,0.038762,0.034371,0.000532,0.0063,0.10,3.47,2.767e-15
cuda,0,1,2,4,1,1,2,64,64,64,50,0.002866,0.000533,0.001352,4.5736,73.18,75.15,6.336e-15
cuda,1,1,2,4,1,1,2,64,64,64,50,0.010469,0.005914,0.001350,1.2520,20.03,75.27,6.336e-15
cuda,0,2,4,4,1,2,2,16,16,16,50,0.003004,0.000510,0.000487,0.0682,1.09,1.29,4.418e-15
cuda,1,2,4,4,1,2,2,16,16,16,50,0.013352,0.006337,0.000453,0.0153,0.25,1.40,4.418e-15
cuda,0,2,4,4,1,2,2,17,17,17,50,0.002811,0.000299,0.000487,0.0874,1.40,1.79,2.767e-15
cuda,1,2,4,4,1,2,2,17,17,17,50,0.013727,0.006709,0.000525,0.0179,0.29,1.75,2.767e-15
cuda,0,2,4,4,1,2,2,64,64,64,50,0.004087,0.000787,0.001336,3.2069,51.31,36.82,6.336e-15
cuda,1,2,4,4,1,2,2,64,64,64,50,0.044697,0.037569,0.001335,0.2932,4.69,36.85,6.336e-15
cuda,0,2,4,4,1,2,2,40,80,80,40,0.003227,0.000724,0.001068,3.1733,50.77,36.46,4.491e-16
omp,0,2,4,4,1,2,2,40,80,80,40,0.002967,0.000718,0.000792,3.4518,55.23,0.00,4.491e-16
